"AGE","SEX","CP","TRESTBPS","CHOL","FBS","RESTECG","THALACH","EXANG","OLDPEAK","SLOPE","CA","THAL","HD"
62,"M","NonAnginal",130,231,"<120","Normal",146,"N",1.8,"Flat",3,"Reversible.Defect","N"
37,"M","NonAnginal",130,250,"<120","Normal",187,"N",3.5,"Down",0,"Normal","N"
60,"M","Asymptomatic",125,258,"<120","Hypertrophy",141,"Y",2.8,"Flat",1,"Reversible.Defect","Y"
41,"F","Atypical",105,198,"<120","Normal",168,"N",0,"Up",1,"Normal","N"
63,"F","NonAnginal",135,252,"<120","Hypertrophy",172,"N",0,"Up",0,"Normal","N"
57,"F","Asymptomatic",140,241,"<120","Normal",123,"Y",0.2,"Flat",0,"Reversible.Defect","Y"
54,"M","Atypical",108,309,"<120","Normal",156,"N",0,"Up",0,"Reversible.Defect","N"
53,"F","Asymptomatic",138,234,"<120","Hypertrophy",160,"N",0,"Up",0,"Normal","N"
54,"F","NonAnginal",108,267,"<120","Hypertrophy",167,"N",0,"Up",0,"Normal","N"
52,"M","Asymptomatic",128,255,"<120","Normal",161,"Y",0,"Up",1,"Reversible.Defect","Y"
60,"F","Typical",150,240,"<120","Normal",171,"N",0.9,"Up",0,"Normal","N"
63,"F","Asymptomatic",124,197,"<120","Normal",136,"Y",0,"Flat",0,"Normal","Y"
59,"M","NonAnginal",126,218,">120","Normal",134,"N",2.2,"Flat",1,"Fixed.Defect","Y"
61,"M","Asymptomatic",148,203,"<120","Normal",161,"N",0,"Up",1,"Reversible.Defect","Y"
40,"M","Asymptomatic",110,167,"<120","Hypertrophy",114,"Y",2,"Flat",0,"Reversible.Defect","Y"
44,"M","Atypical",120,220,"<120","Normal",170,"N",0,"Up",0,"Normal","N"
55,"M","Asymptomatic",160,289,"<120","Hypertrophy",145,"Y",0.8,"Flat",1,"Reversible.Defect","Y"
53,"M","Asymptomatic",142,226,"<120","Hypertrophy",111,"Y",0,"Up",0,"Reversible.Defect","N"
41,"M","Atypical",110,235,"<120","Normal",153,"N",0,"Up",0,"Normal","N"
58,"M","NonAnginal",112,230,"<120","Hypertrophy",165,"N",2.5,"Flat",1,"Reversible.Defect","Y"
56,"M","Atypical",130,221,"<120","Hypertrophy",163,"N",0,"Up",0,"Reversible.Defect","N"
61,"M","Asymptomatic",138,166,"<120","Hypertrophy",125,"Y",3.6,"Flat",1,"Normal","Y"
60,"M","Asymptomatic",130,206,"<120","Hypertrophy",132,"Y",2.4,"Flat",2,"Reversible.Defect","Y"
67,"M","NonAnginal",152,212,"<120","Hypertrophy",150,"N",0.8,"Flat",0,"Reversible.Defect","Y"
35,"M","Atypical",122,192,"<120","Normal",174,"N",0,"Up",0,"Normal","N"
64,"M","Asymptomatic",128,263,"<120","Normal",105,"Y",0.2,"Flat",1,"Reversible.Defect","N"
66,"F","Asymptomatic",178,228,">120","Normal",165,"Y",1,"Flat",2,"Reversible.Defect","Y"
52,"M","Asymptomatic",108,233,">120","Normal",147,"N",0.1,"Up",3,"Reversible.Defect","N"
67,"F","NonAnginal",115,564,"<120","Hypertrophy",160,"N",1.6,"Flat",0,"Reversible.Defect","N"
46,"F","NonAnginal",142,177,"<120","Hypertrophy",160,"Y",1.4,"Down",0,"Normal","N"
50,"F","NonAnginal",120,219,"<120","Normal",158,"N",1.6,"Flat",0,"Normal","N"
52,"F","NonAnginal",136,196,"<120","Hypertrophy",169,"N",0.1,"Flat",0,"Normal","N"
58,"F","NonAnginal",120,340,"<120","Normal",172,"N",0,"Up",0,"Normal","N"
41,"F","NonAnginal",112,268,"<120","Hypertrophy",172,"Y",0,"Up",0,"Normal","N"
58,"F","Typical",150,283,">120","Hypertrophy",162,"N",1,"Up",0,"Normal","N"
62,"M","Atypical",120,281,"<120","Hypertrophy",103,"N",1.4,"Flat",1,"Reversible.Defect","Y"
57,"M","NonAnginal",128,229,"<120","Hypertrophy",150,"N",0.4,"Flat",1,"Reversible.Defect","Y"
48,"M","Asymptomatic",122,222,"<120","Hypertrophy",186,"N",0,"Up",0,"Normal","N"
43,"M","Asymptomatic",150,247,"<120","Normal",171,"N",1.5,"Up",0,"Normal","N"
61,"M","NonAnginal",150,243,">120","Normal",137,"Y",1,"Flat",0,"Normal","N"
44,"M","NonAnginal",120,226,"<120","Normal",169,"N",0,"Up",0,"Normal","N"
61,"M","Asymptomatic",120,260,"<120","Normal",140,"Y",3.6,"Flat",1,"Reversible.Defect","Y"
66,"M","Asymptomatic",160,228,"<120","Hypertrophy",138,"N",2.3,"Up",0,"Fixed.Defect","N"
41,"M","Asymptomatic",110,172,"<120","Hypertrophy",158,"N",0,"Up",0,"Reversible.Defect","Y"
51,"M","NonAnginal",94,227,"<120","Normal",154,"Y",0,"Up",1,"Reversible.Defect","N"
52,"M","NonAnginal",138,223,"<120","Normal",169,"N",0,"Up",0,"Normal","N"
48,"M","Atypical",110,229,"<120","Normal",168,"N",1,"Down",0,"Reversible.Defect","Y"
56,"F","Atypical",140,294,"<120","Hypertrophy",153,"N",1.3,"Flat",0,"Normal","N"
54,"M","Asymptomatic",140,239,"<120","Normal",160,"N",1.2,"Up",0,"Normal","N"
42,"M","Typical",148,244,"<120","Hypertrophy",178,"N",0.8,"Up",2,"Normal","N"
54,"M","Asymptomatic",122,286,"<120","Hypertrophy",116,"Y",3.2,"Flat",2,"Normal","Y"
56,"M","NonAnginal",130,256,">120","Hypertrophy",142,"Y",0.6,"Flat",1,"Fixed.Defect","Y"
56,"F","Asymptomatic",134,409,"<120","Hypertrophy",150,"Y",1.9,"Flat",2,"Reversible.Defect","Y"
67,"M","Asymptomatic",160,286,"<120","Hypertrophy",108,"Y",1.5,"Flat",3,"Normal","Y"
59,"M","Typical",170,288,"<120","Hypertrophy",159,"N",0.2,"Flat",0,"Reversible.Defect","Y"
63,"M","Asymptomatic",140,187,"<120","Hypertrophy",144,"Y",4,"Up",2,"Reversible.Defect","Y"
60,"M","Asymptomatic",117,230,">120","Normal",160,"Y",1.4,"Up",2,"Reversible.Defect","Y"
45,"F","Atypical",112,160,"<120","Normal",138,"N",0,"Flat",0,"Normal","N"
44,"M","Asymptomatic",112,290,"<120","Hypertrophy",153,"N",0,"Up",1,"Normal","Y"
59,"M","Asymptomatic",135,234,"<120","Normal",161,"N",0.5,"Flat",0,"Reversible.Defect","N"
49,"F","Asymptomatic",130,269,"<120","Normal",163,"N",0,"Up",0,"Normal","N"
64,"M","Asymptomatic",145,212,"<120","Hypertrophy",132,"N",2,"Flat",2,"Fixed.Defect","Y"
63,"M","Asymptomatic",130,330,">120","Hypertrophy",132,"Y",1.8,"Up",3,"Reversible.Defect","Y"
62,"M","Atypical",128,208,">120","Hypertrophy",140,"N",0,"Up",0,"Normal","N"
48,"M","NonAnginal",124,255,">120","Normal",175,"N",0,"Up",2,"Normal","N"
69,"M","Typical",160,234,">120","Hypertrophy",131,"N",0.1,"Flat",1,"Normal","N"
39,"M","NonAnginal",140,321,"<120","Hypertrophy",182,"N",0,"Up",0,"Normal","N"
66,"M","Asymptomatic",112,212,"<120","Hypertrophy",132,"Y",0.1,"Up",1,"Normal","Y"
43,"M","NonAnginal",130,315,"<120","Normal",162,"N",1.9,"Up",1,"Normal","N"
45,"M","Asymptomatic",104,208,"<120","Hypertrophy",148,"Y",3,"Flat",0,"Normal","N"
53,"M","NonAnginal",130,246,">120","Hypertrophy",173,"N",0,"Up",3,"Normal","N"
39,"F","NonAnginal",138,220,"<120","Normal",152,"N",0,"Flat",0,"Normal","N"
61,"F","Asymptomatic",130,330,"<120","Hypertrophy",169,"N",0,"Up",0,"Normal","Y"
41,"M","NonAnginal",130,214,"<120","Hypertrophy",168,"N",2,"Flat",0,"Normal","N"
50,"F","Asymptomatic",110,254,"<120","Hypertrophy",159,"N",0,"Up",0,"Normal","N"
70,"M","Asymptomatic",130,322,"<120","Hypertrophy",109,"N",2.4,"Flat",3,"Normal","Y"
57,"M","NonAnginal",150,168,"<120","Normal",174,"N",1.6,"Up",0,"Normal","N"
41,"M","Atypical",135,203,"<120","Normal",132,"N",0,"Flat",0,"Fixed.Defect","N"
41,"M","NonAnginal",112,250,"<120","Normal",179,"N",0,"Up",0,"Normal","N"
69,"M","NonAnginal",140,254,"<120","Hypertrophy",146,"N",2,"Flat",3,"Reversible.Defect","Y"
59,"M","Atypical",140,221,"<120","Normal",164,"Y",0,"Up",0,"Normal","N"
62,"F","Asymptomatic",138,294,">120","Normal",106,"N",1.9,"Flat",3,"Normal","Y"
51,"F","NonAnginal",130,256,"<120","Hypertrophy",149,"N",0.5,"Up",0,"Normal","N"
34,"F","Atypical",118,210,"<120","Normal",192,"N",0.7,"Up",0,"Normal","N"
48,"M","Asymptomatic",124,274,"<120","Hypertrophy",166,"N",0.5,"Flat",0,"Reversible.Defect","Y"
51,"F","Asymptomatic",130,305,"<120","Normal",142,"Y",1.2,"Flat",0,"Reversible.Defect","Y"
37,"F","NonAnginal",120,215,"<120","Normal",170,"N",0,"Up",0,"Normal","N"
59,"M","Typical",134,204,"<120","Normal",162,"N",0.8,"Up",2,"Normal","Y"
41,"F","Atypical",130,204,"<120","Hypertrophy",172,"N",1.4,"Up",0,"Normal","N"
59,"M","Asymptomatic",164,176,">120","Hypertrophy",90,"N",1,"Flat",2,"Fixed.Defect","Y"
68,"F","NonAnginal",120,211,"<120","Hypertrophy",115,"N",1.5,"Flat",0,"Normal","N"
55,"F","Asymptomatic",180,327,"<120","ST.T.Wave",117,"Y",3.4,"Flat",0,"Normal","Y"
50,"M","NonAnginal",140,233,"<120","Normal",163,"N",0.6,"Flat",1,"Reversible.Defect","Y"
58,"M","Asymptomatic",100,234,"<120","Normal",156,"N",0.1,"Up",1,"Reversible.Defect","Y"
76,"F","NonAnginal",140,197,"<120","ST.T.Wave",116,"N",1.1,"Flat",0,"Normal","N"
58,"M","Asymptomatic",128,216,"<120","Hypertrophy",131,"Y",2.2,"Flat",3,"Reversible.Defect","Y"
62,"F","Asymptomatic",140,394,"<120","Hypertrophy",157,"N",1.2,"Flat",0,"Normal","N"
52,"M","Atypical",134,201,"<120","Normal",158,"N",0.8,"Up",1,"Normal","N"
57,"M","Atypical",154,232,"<120","Hypertrophy",164,"N",0,"Up",1,"Normal","Y"
50,"M","Asymptomatic",150,243,"<120","Hypertrophy",128,"N",2.6,"Flat",0,"Reversible.Defect","Y"
65,"F","NonAnginal",140,417,">120","Hypertrophy",157,"N",0.8,"Up",1,"Normal","N"
35,"F","Asymptomatic",138,183,"<120","Normal",182,"N",1.4,"Up",0,"Normal","N"
65,"M","Typical",138,282,">120","Hypertrophy",174,"N",1.4,"Flat",1,"Normal","Y"
60,"F","NonAnginal",102,318,"<120","Normal",160,"N",0,"Up",1,"Normal","N"
50,"F","Atypical",120,244,"<120","Normal",162,"N",1.1,"Up",0,"Normal","N"
59,"M","Asymptomatic",140,177,"<120","Normal",162,"Y",0,"Up",1,"Reversible.Defect","Y"
47,"M","NonAnginal",130,253,"<120","Normal",179,"N",0,"Up",0,"Normal","N"
46,"M","Atypical",101,197,">120","Normal",156,"N",0,"Up",0,"Reversible.Defect","N"
53,"M","Asymptomatic",140,203,">120","Hypertrophy",155,"Y",3.1,"Down",0,"Reversible.Defect","Y"
59,"M","Asymptomatic",110,239,"<120","Hypertrophy",142,"Y",1.2,"Flat",1,"Reversible.Defect","Y"
64,"M","Typical",110,211,"<120","Hypertrophy",144,"Y",1.8,"Flat",0,"Normal","N"
42,"M","Atypical",120,295,"<120","Normal",162,"N",0,"Up",0,"Normal","N"
67,"M","Asymptomatic",120,229,"<120","Hypertrophy",129,"Y",2.6,"Flat",2,"Reversible.Defect","Y"
56,"M","Atypical",120,236,"<120","Normal",178,"N",0.8,"Up",0,"Normal","N"
56,"M","Typical",120,193,"<120","Hypertrophy",162,"N",1.9,"Flat",0,"Reversible.Defect","N"
57,"M","NonAnginal",150,126,">120","Normal",173,"N",0.2,"Up",1,"Reversible.Defect","N"
47,"M","Asymptomatic",112,204,"<120","Normal",143,"N",0.1,"Up",0,"Normal","N"
65,"M","Asymptomatic",120,177,"<120","Normal",140,"N",0.4,"Up",0,"Reversible.Defect","N"
51,"F","NonAnginal",140,308,"<120","Hypertrophy",142,"N",1.5,"Up",1,"Normal","N"
34,"M","Typical",118,182,"<120","Hypertrophy",174,"N",0,"Up",0,"Normal","N"
44,"M","Asymptomatic",110,197,"<120","Hypertrophy",177,"N",0,"Up",1,"Normal","Y"
42,"M","NonAnginal",120,240,">120","Normal",194,"N",0.8,"Down",0,"Reversible.Defect","N"
65,"F","Asymptomatic",150,225,"<120","Hypertrophy",114,"N",1,"Flat",3,"Reversible.Defect","Y"
68,"M","Asymptomatic",144,193,">120","Normal",141,"N",3.4,"Flat",2,"Reversible.Defect","Y"
66,"F","NonAnginal",146,278,"<120","Hypertrophy",152,"N",0,"Flat",1,"Normal","N"
52,"M","Asymptomatic",125,212,"<120","Normal",168,"N",1,"Up",2,"Reversible.Defect","Y"
54,"F","Atypical",132,288,">120","Hypertrophy",159,"Y",0,"Up",1,"Normal","N"
70,"M","NonAnginal",160,269,"<120","Normal",112,"Y",2.9,"Flat",1,"Reversible.Defect","Y"
64,"F","Asymptomatic",130,303,"<120","Normal",122,"N",2,"Flat",2,"Normal","N"
57,"M","Atypical",124,261,"<120","Normal",141,"N",0.3,"Up",0,"Reversible.Defect","Y"
59,"M","Asymptomatic",170,326,"<120","Hypertrophy",140,"Y",3.4,"Down",0,"Reversible.Defect","Y"
67,"F","NonAnginal",152,277,"<120","Normal",172,"N",0,"Up",1,"Normal","N"
47,"M","NonAnginal",108,243,"<120","Normal",152,"N",0,"Up",0,"Normal","Y"
58,"M","NonAnginal",105,240,"<120","Hypertrophy",154,"Y",0.6,"Flat",0,"Reversible.Defect","N"
55,"M","Asymptomatic",140,217,"<120","Normal",111,"Y",5.6,"Down",0,"Reversible.Defect","Y"
38,"M","Typical",120,231,"<120","Normal",182,"Y",3.8,"Flat",0,"Reversible.Defect","Y"
45,"M","Atypical",128,308,"<120","Hypertrophy",170,"N",0,"Up",0,"Normal","N"
56,"M","Asymptomatic",125,249,">120","Hypertrophy",144,"Y",1.2,"Flat",1,"Normal","Y"
58,"M","Asymptomatic",150,270,"<120","Hypertrophy",111,"Y",0.8,"Up",0,"Reversible.Defect","Y"
58,"M","Atypical",125,220,"<120","Normal",144,"N",0.4,"Flat",0,"Reversible.Defect","N"
68,"M","NonAnginal",118,277,"<120","Normal",151,"N",1,"Up",1,"Reversible.Defect","N"
55,"F","Atypical",132,342,"<120","Normal",166,"N",1.2,"Up",0,"Normal","N"
53,"F","NonAnginal",128,216,"<120","Hypertrophy",115,"N",0,"Up",0,"Normal","N"
67,"M","Asymptomatic",100,299,"<120","Hypertrophy",125,"Y",0.9,"Flat",2,"Normal","Y"
49,"M","NonAnginal",120,188,"<120","Normal",139,"N",2,"Flat",3,"Reversible.Defect","Y"
45,"F","Asymptomatic",138,236,"<120","Hypertrophy",152,"Y",0.2,"Flat",0,"Normal","N"
43,"F","Asymptomatic",132,341,">120","Hypertrophy",136,"Y",3,"Flat",0,"Reversible.Defect","Y"
51,"M","NonAnginal",125,245,">120","Hypertrophy",166,"N",2.4,"Flat",0,"Normal","N"
57,"M","Asymptomatic",150,276,"<120","Hypertrophy",112,"Y",0.6,"Flat",1,"Fixed.Defect","Y"
71,"F","Asymptomatic",112,149,"<120","Normal",125,"N",1.6,"Flat",0,"Normal","N"
58,"F","Atypical",136,319,">120","Hypertrophy",152,"N",0,"Up",2,"Normal","Y"
43,"F","NonAnginal",122,213,"<120","Normal",165,"N",0.2,"Flat",0,"Normal","N"
66,"F","Typical",150,226,"<120","Normal",114,"N",2.6,"Down",0,"Normal","N"
52,"M","Asymptomatic",112,230,"<120","Normal",160,"N",0,"Up",1,"Normal","Y"
60,"M","NonAnginal",140,185,"<120","Hypertrophy",155,"N",3,"Flat",0,"Normal","Y"
59,"M","Typical",178,270,"<120","Hypertrophy",145,"N",4.2,"Down",0,"Reversible.Defect","N"
35,"M","Asymptomatic",126,282,"<120","Hypertrophy",156,"Y",0,"Up",0,"Reversible.Defect","Y"
48,"M","Asymptomatic",130,256,">120","Hypertrophy",150,"Y",0,"Up",2,"Reversible.Defect","Y"
64,"M","NonAnginal",125,309,"<120","Normal",131,"Y",1.8,"Flat",0,"Reversible.Defect","Y"
56,"M","Atypical",120,240,"<120","Normal",169,"N",0,"Down",0,"Normal","N"
62,"F","NonAnginal",130,263,"<120","Normal",97,"N",1.2,"Flat",1,"Reversible.Defect","Y"
67,"F","Asymptomatic",106,223,"<120","Normal",142,"N",0.3,"Up",2,"Normal","N"
58,"F","Asymptomatic",100,248,"<120","Hypertrophy",122,"N",1,"Flat",0,"Normal","N"
46,"M","NonAnginal",150,231,"<120","Normal",147,"N",3.6,"Flat",0,"Normal","Y"
64,"M","Asymptomatic",120,246,"<120","Hypertrophy",96,"Y",2.2,"Down",1,"Normal","Y"
60,"M","Asymptomatic",130,253,"<120","Normal",144,"Y",1.4,"Up",1,"Reversible.Defect","Y"
51,"M","Typical",125,213,"<120","Hypertrophy",125,"Y",1.4,"Up",1,"Normal","N"
70,"M","Atypical",156,245,"<120","Hypertrophy",143,"N",0,"Up",0,"Normal","N"
39,"M","Asymptomatic",118,219,"<120","Normal",140,"N",1.2,"Flat",0,"Reversible.Defect","Y"
54,"F","NonAnginal",135,304,">120","Normal",170,"N",0,"Up",0,"Normal","N"
52,"M","NonAnginal",172,199,">120","Normal",162,"N",0.5,"Up",0,"Reversible.Defect","N"
44,"M","NonAnginal",140,235,"<120","Hypertrophy",180,"N",0,"Up",0,"Normal","N"
48,"F","NonAnginal",130,275,"<120","Normal",139,"N",0.2,"Up",0,"Normal","N"
57,"M","Asymptomatic",132,207,"<120","Normal",168,"Y",0,"Up",0,"Reversible.Defect","N"
58,"F","Asymptomatic",170,225,">120","Hypertrophy",146,"Y",2.8,"Flat",2,"Fixed.Defect","Y"
43,"M","Asymptomatic",115,303,"<120","Normal",181,"N",1.2,"Flat",0,"Normal","N"
62,"F","Asymptomatic",124,209,"<120","Normal",163,"N",0,"Up",0,"Normal","N"
42,"M","Asymptomatic",140,226,"<120","Normal",178,"N",0,"Up",0,"Normal","N"
61,"M","Asymptomatic",140,207,"<120","Hypertrophy",138,"Y",1.9,"Up",1,"Reversible.Defect","Y"
48,"M","Atypical",130,245,"<120","Hypertrophy",180,"N",0.2,"Flat",0,"Normal","N"
60,"F","Asymptomatic",158,305,"<120","Hypertrophy",161,"N",0,"Up",0,"Normal","Y"
63,"F","Asymptomatic",108,269,"<120","Normal",169,"Y",1.8,"Flat",2,"Normal","Y"
52,"M","Typical",152,298,">120","Normal",178,"N",1.2,"Flat",0,"Reversible.Defect","N"
68,"M","NonAnginal",180,274,">120","Hypertrophy",150,"Y",1.6,"Flat",0,"Reversible.Defect","Y"
42,"M","NonAnginal",130,180,"<120","Normal",150,"N",0,"Up",0,"Normal","N"
49,"M","Atypical",130,266,"<120","Normal",171,"N",0.6,"Up",0,"Normal","N"
62,"M","Asymptomatic",120,267,"<120","Normal",99,"Y",1.8,"Flat",2,"Reversible.Defect","Y"
45,"M","Asymptomatic",115,260,"<120","Hypertrophy",185,"N",0,"Up",0,"Normal","N"
49,"F","Atypical",134,271,"<120","Normal",162,"N",0,"Flat",0,"Normal","N"
44,"F","NonAnginal",108,141,"<120","Normal",175,"N",0.6,"Flat",0,"Normal","N"
57,"M","Asymptomatic",152,274,"<120","Normal",88,"Y",1.2,"Flat",1,"Reversible.Defect","Y"
57,"M","Asymptomatic",140,192,"<120","Normal",148,"N",0.4,"Flat",0,"Fixed.Defect","N"
62,"F","Asymptomatic",150,244,"<120","Normal",154,"Y",1.4,"Flat",0,"Normal","Y"
66,"M","Atypical",160,246,"<120","Normal",120,"Y",0,"Flat",3,"Fixed.Defect","Y"
45,"M","Asymptomatic",142,309,"<120","Hypertrophy",147,"Y",0,"Flat",3,"Reversible.Defect","Y"
57,"F","Atypical",130,236,"<120","Hypertrophy",174,"N",0,"Flat",1,"Normal","Y"
61,"F","Asymptomatic",145,307,"<120","Hypertrophy",146,"Y",1,"Flat",0,"Reversible.Defect","Y"
46,"M","Asymptomatic",120,249,"<120","Hypertrophy",144,"N",0.8,"Up",0,"Reversible.Defect","Y"
53,"M","NonAnginal",130,197,">120","Hypertrophy",152,"N",1.2,"Down",0,"Normal","N"
51,"M","Asymptomatic",140,261,"<120","Hypertrophy",186,"Y",0,"Up",0,"Normal","N"
54,"M","NonAnginal",125,273,"<120","Hypertrophy",152,"N",0.5,"Down",1,"Normal","N"
59,"F","Asymptomatic",174,249,"<120","Normal",143,"Y",0,"Flat",0,"Normal","Y"
54,"M","Atypical",192,283,"<120","Hypertrophy",195,"N",0,"Up",1,"Reversible.Defect","Y"
42,"M","Asymptomatic",136,315,"<120","Normal",125,"Y",1.8,"Flat",0,"Fixed.Defect","Y"
53,"M","Asymptomatic",123,282,"<120","Normal",95,"Y",2,"Flat",2,"Reversible.Defect","Y"
60,"M","Asymptomatic",140,293,"<120","Hypertrophy",170,"N",1.2,"Flat",2,"Reversible.Defect","Y"
54,"M","Asymptomatic",124,266,"<120","Hypertrophy",109,"Y",2.2,"Flat",1,"Reversible.Defect","Y"
49,"M","NonAnginal",118,149,"<120","Hypertrophy",126,"N",0.8,"Up",3,"Normal","Y"
62,"F","Asymptomatic",160,164,"<120","Hypertrophy",145,"N",6.2,"Down",3,"Reversible.Defect","Y"
41,"F","Atypical",126,306,"<120","Normal",163,"N",0,"Up",0,"Normal","N"
