Id,Name,Shape Library,Page ID,Contained By,Group,Line Source,Line Destination,Source Arrow,Destination Arrow,Text Area 1,Text Area 2,Text Area 3,Text Area 4,Text Area 5,Text Area 6,Text Area 7,Text Area 8,Text Area 9,Text Area 10,Text Area 11,Text Area 12,Text Area 13,Text Area 14,Text Area 15,Text Area 16,Text Area 17,Text Area 18,Text Area 19,Text Area 20,Text Area 21
1,Page,,,,,,,,,ERD with colored entities (UML notation),,,,,,,,,,,,,,,,,,,,
2,Entity,Entity Relationship,1,,42,,,,,CINEMA_RATING,PK,Rating_Id,FK,Cinama_Id,,Rating_Score,,Rating_Date,,,,,,,,,,,,
3,Entity,Entity Relationship,1,,42,,,,,CINEMA,PK,Cinema_Id,,Cinema_Name,,Cinema_Address,,Cinema_Suburb,,Cinema_Postcode,,Cinema_State,,,,,,,,
4,Entity,Entity Relationship,1,,42,,,,,MOVIE_CINEMA,FK,Movie_Id,FK,Cinema_Id,,,,,,,,,,,,,,,,
5,Entity,Entity Relationship,1,,42,,,,,MOVIE,PK,Movie_Id,,Movie_Name,,Movie_Release_Date,,Movie_Spoken_Language,,Movie_Runtime,,,,,,,,,,
6,Entity,Entity Relationship,1,,42,,,,,MOVIE_GENRE,FK,Movie_Id,FK,Genre_Id,,,,,,,,,,,,,,,,
7,Entity,Entity Relationship,1,,42,,,,,GENRE,PK,Genre_Id,,Genre_Description,,,,,,,,,,,,,,,,
8,Entity,Entity Relationship,1,,42,,,,,MOVIE_COMPANY,FK,Movie_Id,FK,Company_Id,,,,,,,,,,,,,,,,
9,Entity,Entity Relationship,1,,42,,,,,PRODUCTION_COMAPNY,PK,Company_Id,,Company_Name,,Company_Address,,,,,,,,,,,,,,
10,Entity,Entity Relationship,1,,42,,,,,REVIEW,PK,Review_Id,FK,Movie_Id,,Review_Score,,Review_Date,,,,,,,,,,,,
11,Entity,Entity Relationship,1,,42,,,,,SALE,PK,Sale_Id,FK,Movie_Id,FK,Cinema_Id,FK,Staff_No,FK,Mode_Id,FK,Customer_Id,,Sale_Date,,Sale_Number_Of_Tickets,,Sale_Unit_Price,,Sale_Total_Price
12,Entity,Entity Relationship,1,,42,,,,,CUSTOMER,PK,Customer_Id,,Customer_Name,,Customer_Address,,Customer_Suburb,,Customer_Postcode,,Customer_State,,Customer_Contact_Number,,Customer_DOB,,Customer_Gender,,
13,Entity,Entity Relationship,1,,42,,,,,BOOKING_MODE,PK,Mode_Id,,Mode_description,,,,,,,,,,,,,,,,
14,Entity,Entity Relationship,1,,42,,,,,STAFF,PK,Staff_No,,Staff_Name,,Staff_Gender,,,,,,,,,,,,,,
15,Text,Standard,1,,43,,,,,FIT 3003 ERD,,,,,,,,,,,,,,,,,,,,
16,Text,Standard,1,,43,,,,,"Malo Hamon  |  September 3, 2021",,,,,,,,,,,,,,,,,,,,
17,Rectangle Container,Flowchart Shapes,1,,44,,,,,,,,,,,,,,,,,,,,,,,,,
18,Text,Standard,1,17,44,,,,,Learn how to edit ERD shapes,,,,,,,,,,,,,,,,,,,,
19,Text,Standard,1,17,44,,,,,"To manually customize this ERD:
Double-click on any text in an entity shape and add/edit text by typing.
Click on an entity shape and toggle the amount of fields using the advanced shape bar at the top of the canvas.
Add and remove lines to show relationships between entities.
To update cardinality, click on a line and then click ""Endpoint"" on the properties bar at the top of the canvas.  
To automatically create your own ERD:
Click ""     Import Data"" in the Entity Relationship shape library to the left of the canvas.",,,,,,,,,,,,,,,,,,,,
20,Text,Standard,1,17,44,,,,,"Tutorials (Hold Shift + ⌘ or Ctrl, then click)",,,,,,,,,,,,,,,,,,,,
21,SVGPathBlock2,,1,17,45,,,,,,,,,,,,,,,,,,,,,,,,,
22,Button,UI Mockups,1,17,44,,,,,Read about how to create entity relationship diagrams,,,,,,,,,,,,,,,,,,,,
23,Button,UI Mockups,1,17,44,,,,,Watch a tutorial on how to import  your ERD,,,,,,,,,,,,,,,,,,,,
24,Button,UI Mockups,1,17,44,,,,,Watch a tutorial on how to export  your ERD,,,,,,,,,,,,,,,,,,,,
25,Button,UI Mockups,1,17,44,,,,,Read about ERD symbols and notation,,,,,,,,,,,,,,,,,,,,
26,Button,UI Mockups,1,17,44,,,,,"See an example (Hold Shift + ⌘ or Ctrl, then click)",,,,,,,,,,,,,,,,,,,,
27,User Image,User Images,1,17,44,,,,,,,,,,,,,,,,,,,,,,,,,
28,Line,,1,,42,3,2,CFN ERD Exactly One Arrow,CFN ERD Zero Or More Arrow,,,,,,,,,,,,,,,,,,,,,
29,Line,,1,,42,3,4,CFN ERD Exactly One Arrow,CFN ERD One Or More Arrow,,,,,,,,,,,,,,,,,,,,,
30,Line,,1,,42,4,5,CFN ERD One Or More Arrow,CFN ERD Exactly One Arrow,,,,,,,,,,,,,,,,,,,,,
31,Line,,1,,42,5,6,CFN ERD Exactly One Arrow,CFN ERD One Or More Arrow,,,,,,,,,,,,,,,,,,,,,
32,Line,,1,,42,6,7,CFN ERD Zero Or More Arrow,CFN ERD Exactly One Arrow,,,,,,,,,,,,,,,,,,,,,
33,Line,,1,,42,5,8,CFN ERD Exactly One Arrow,CFN ERD One Or More Arrow,,,,,,,,,,,,,,,,,,,,,
34,Line,,1,,42,8,9,CFN ERD Zero Or More Arrow,CFN ERD Exactly One Arrow,,,,,,,,,,,,,,,,,,,,,
35,Line,,1,,42,5,10,CFN ERD Exactly One Arrow,CFN ERD Zero Or More Arrow,,,,,,,,,,,,,,,,,,,,,
36,Line,,1,,42,11,12,CFN ERD Zero Or More Arrow,CFN ERD Exactly One Arrow,,,,,,,,,,,,,,,,,,,,,
37,Line,,1,,42,13,11,CFN ERD Exactly One Arrow,CFN ERD Zero Or More Arrow,,,,,,,,,,,,,,,,,,,,,
38,Line,,1,,42,11,14,CFN ERD Zero Or More Arrow,CFN ERD Exactly One Arrow,,,,,,,,,,,,,,,,,,,,,
39,Line,,1,,42,3,11,CFN ERD Exactly One Arrow,CFN ERD Zero Or More Arrow,,,,,,,,,,,,,,,,,,,,,
40,Line,,1,,42,5,11,CFN ERD Exactly One Arrow,CFN ERD Zero Or More Arrow,,,,,,,,,,,,,,,,,,,,,
41,Line,,1,,43,15,15,None,None,,,,,,,,,,,,,,,,,,,,,
42,Group 1,,1,,,,,,,,,,,,,,,,,,,,,,,,,,,
43,Group 2,,1,,,,,,,,,,,,,,,,,,,,,,,,,,,
44,Group 3,,1,,,,,,,,,,,,,,,,,,,,,,,,,,,
45,Group 4,,1,,44,,,,,,,,,,,,,,,,,,,,,,,,,